task_id,model,kernel_repo,tp,operator,M,N,K,dtype,baseline_us,worker_best_us,best_variant_source,final_us,final_p90_us,speedup_x,improvement_pct,target_met,passed,logical_tops,finished_at,validation_state
hy3-dsh-tp4-m16-2-368c654c,Hy3 (gfx928 INT8 W8A8),hy3-dsh-TP4-m16-2,4,qkv_proj,16,2560,4096,INT8 W8A8,80.19,27.359989881515503,worker_0 accepted/hy3_tp4_qkv_proj_m16/kernel.hip,27.722550630569458,27.860960960388184,2.89259098373059,189.259098373059,True,True,12.103659741538994,2026-08-26 14:59,最终验收通过
hy3-dsh-tp4-m16-2-368c654c,Hy3 (gfx928 INT8 W8A8),hy3-dsh-TP4-m16-2,4,o_proj,16,4096,2048,INT8 W8A8,54.617,15.513530373573303,worker_1 accepted/hy3_tp4_o_proj_m16/kernel.hip,15.558480024337769,15.603289604187012,3.510432890267166,251.0432890267166,True,True,17.25332137715848,2026-08-26 14:59,最终验收通过
hy3-dsh-tp4-m16-2-368c654c,Hy3 (gfx928 INT8 W8A8),hy3-dsh-TP4-m16-2,4,shared_gate_up_proj,16,768,4096,INT8 W8A8,73.262,11.581599712371826,worker_2 accepted/hy3_tp4_shared_gate_up_proj_m16/kernel.hip,11.451255083084106,11.476860046386719,6.397726665631898,539.7726665631898,True,True,8.790590661865588,2026-08-26 14:59,最终验收通过
hy3-dsh-tp4-m16-2-368c654c,Hy3 (gfx928 INT8 W8A8),hy3-dsh-TP4-m16-2,4,shared_down_proj,16,4096,384,INT8 W8A8,23.216,9.17439490556717,worker_3 accepted/hy3_tp4_shared_down_proj_m16/kernel.hip,9.128850102424622,9.246439933776855,2.5431461508863897,154.31461508863896,True,True,5.513470747715742,2026-08-26 14:59,最终验收通过
hy3-tp4-m4096-dsh-test1-bfdf3002,Hy3 (gfx928 INT8 W8A8),hy3_TP4_M4096_dsh-test1,4,qkv_proj,4096,2560,4096,INT8 W8A8,24045.12,756.7258453369141,worker_0 accepted/hy3_tp4_qkv_proj_m4096/kernel.hip,756.7258453369141,760.15869140625,31.77520650070368,3077.520650070368,True,True,113.51448671844342,2026-08-22 05:44,最终验收通过
hy3-tp4-m4096-dsh-test1-bfdf3002,Hy3 (gfx928 INT8 W8A8),hy3_TP4_M4096_dsh-test1,4,o_proj,4096,4096,2048,INT8 W8A8,19881.949,803.8980102539062,worker_1 accepted/hy3_tp4_o_proj_m4096/kernel.hip,803.8980102539062,805.1364135742188,24.731929605996175,2373.1929605996174,True,True,85.48282973644304,2026-08-22 05:44,最终验收通过
hy3-tp4-m4096-dsh-test1-bfdf3002,Hy3 (gfx928 INT8 W8A8),hy3_TP4_M4096_dsh-test1,4,shared_gate_up_proj,4096,768,4096,INT8 W8A8,6678.282,220.71203231811523,worker_2 accepted/hy3_tp4_shared_gate_up_proj_m4096/kernel.hip,220.71203231811523,221.53764724731445,30.25789726939083,2925.7897269390833,True,True,116.75758455641257,2026-08-22 05:44,最终验收通过
hy3-tp4-m4096-dsh-test1-bfdf3002,Hy3 (gfx928 INT8 W8A8),hy3_TP4_M4096_dsh-test1,4,shared_down_proj,4096,4096,384,INT8 W8A8,4381.289,214.83811378479004,worker_3 accepted/hy3_tp4_shared_down_proj_m4096/kernel.hip,214.83811378479004,215.11651992797852,20.393443802010253,1939.3443802010254,True,True,59.97493489868936,2026-08-22 05:44,最终验收通过
hy3-dsh-tp8-m4096-1-0ebb994d,Hy3 (gfx928 INT8 W8A8),hy3-dsh-TP8-M4096-1,8,qkv_proj,4096,1280,4096,INT8 W8A8,19381.383,418.2191276550293,worker_0 accepted/hy3_tp8_qkv_proj_m4096/kernel.hip,318.4573459625244,326.0519790649414,60.86021643313191,5986.021643313191,True,True,134.86789833717404,2026-08-27 07:23,最终验收通过
hy3-dsh-tp8-m4096-1-0ebb994d,Hy3 (gfx928 INT8 W8A8),hy3-dsh-TP8-M4096-1,8,o_proj,4096,4096,1024,INT8 W8A8,14151.792,322.98728942871094,worker_1 accepted/hy3_tp8_o_proj_m4096/kernel.hip,282.8514766693115,283.3587074279785,50.0325901304917,4903.25901304917,True,True,121.47625592271805,2026-08-27 07:23,最终验收通过
hy3-dsh-tp8-m4096-1-0ebb994d,Hy3 (gfx928 INT8 W8A8),hy3-dsh-TP8-M4096-1,8,shared_gate_up_proj,4096,384,4096,INT8 W8A8,16712.231,115.95122337341309,worker_2 accepted/hy3_tp8_shared_gate_up_proj_m4096/kernel.hip,115.34959316253662,115.53359985351562,144.8833111743286,14388.331117432861,True,True,111.70305446889755,2026-08-27 07:23,最终验收通过
hy3-dsh-tp8-m4096-1-0ebb994d,Hy3 (gfx928 INT8 W8A8),hy3-dsh-TP8-M4096-1,8,shared_down_proj,4096,4096,192,INT8 W8A8,10762.616,171.18735313415527,worker_3 accepted/hy3_tp8_shared_down_proj_m4096/kernel.hip,171.81203842163086,172.1600341796875,62.64180379251588,6164.180379251588,True,True,37.497086951439755,2026-08-27 07:23,最终验收通过
hy3-dsh-tp8-m16-9-8-0161e718,Hy3 (gfx928 INT8 W8A8),hy3-dsh-TP8-M16-9.8,8,qkv_proj,16,1280,4096,INT8 W8A8,74.782,19.29679036140442,worker_0 accepted/<shape> (n=30 samples),19.29679036140442,19.323190450668335,3.875359507950698,287.53595079506977,,,8.694303915720704,,仅worker验收(未过最终验收)
hy3-dsh-tp8-m16-9-8-0161e718,Hy3 (gfx928 INT8 W8A8),hy3-dsh-TP8-M16-9.8,8,o_proj,16,4096,1024,INT8 W8A8,32.137,11.043989658355713,worker_1 accepted/<shape> (n=30 samples),11.043989658355713,11.16318941116333,2.9099085560701914,190.99085560701914,,,12.153011017938878,,仅worker验收(未过最终验收)
hy3-dsh-tp8-m16-9-8-0161e718,Hy3 (gfx928 INT8 W8A8),hy3-dsh-TP8-M16-9.8,8,shared_gate_up_proj,16,384,4096,INT8 W8A8,66.527,12.48797059059143,worker_2 accepted/<shape> (n=30 samples),12.48797059059143,12.534370422363281,5.327286729048045,432.7286729048045,,,4.030410516655156,,仅worker验收(未过最终验收)
hy3-dsh-tp8-m16-9-8-0161e718,Hy3 (gfx928 INT8 W8A8),hy3-dsh-TP8-M16-9.8,8,shared_down_proj,16,4096,192,INT8 W8A8,17.312,8.670825064182281,worker_3 accepted/<shape> (n=30 samples),8.670825064182281,9.144449830055237,1.9965804720836726,99.65804720836726,,,2.9023563286907703,,仅worker验收(未过最终验收)
minimax-dsh-tp8-m16-1-78402260,MiniMax-M3 (gfx928 INT8 W8A8),minimax-dsh-TP8-m16-1,8,qkv_proj,16,1280,6144,INT8 W8A8,110.478,33.20169925689697,worker_0 accepted/minimax_tp8_qkv_proj_m16/kernel.hip,33.19578528404236,33.328590393066406,3.328073098879459,232.8073098879459,True,True,7.581029876132359,2026-08-28 17:17,最终验收通过
minimax-dsh-tp8-m16-1-78402260,MiniMax-M3 (gfx928 INT8 W8A8),minimax-dsh-TP8-m16-1,8,qkv_proj_and_indexer_qk,16,1536,6144,INT8 W8A8,111.486,39.72720980644226,worker_1 accepted/minimax_tp8_qkv_proj_and_indexer_qk_m16/kernel.hip,39.73748564720154,39.8534893989563,2.8055625106680915,180.55625106680915,True,True,7.599622449219237,2026-08-28 17:17,最终验收通过
minimax-dsh-tp8-m16-1-78402260,MiniMax-M3 (gfx928 INT8 W8A8),minimax-dsh-TP8-m16-1,8,o_proj,16,6144,1024,INT8 W8A8,38.655,11.368839740753174,worker_2 accepted/minimax_tp8_o_proj_m16/kernel.hip,11.77299976348877,12.421009540557861,3.2833602969975013,228.33602969975013,True,True,17.10070466699301,2026-08-28 17:17,最终验收通过
minimax-dsh-tp8-m16-1-78402260,MiniMax-M3 (gfx928 INT8 W8A8),minimax-dsh-TP8-m16-1,8,shared_gate_up_proj,16,768,6144,INT8 W8A8,104.527,17.114474773406982,worker_3 accepted/minimax_tp8_shared_gate_up_proj_m16/kernel.hip,17.31948971748352,17.501089572906494,6.0352239993816355,503.5223999381635,True,True,8.718209743071991,2026-08-28 17:17,最终验收通过
minimax-dsh-tp8-m16-1-78402260,MiniMax-M3 (gfx928 INT8 W8A8),minimax-dsh-TP8-m16-1,8,shared_down_proj,16,6144,384,INT8 W8A8,23.152,8.95284503698349,worker_3 accepted/minimax_tp8_shared_down_proj_m16/kernel.hip,9.341430068016052,10.175809860229492,2.478421379962978,147.8421379962978,True,True,8.082003660070677,2026-08-28 17:17,最终验收通过
minimaxm3-dsh-tp4-m4096-1-0c2f84a9,MiniMax-M3 (gfx928 INT8 W8A8),minimaxM3-dsh_TP4_M4096-1,4,qkv_proj,4096,2304,6144,INT8 W8A8,31556.192,1559.944839477539,worker_0 accepted/minimax_tp4_qkv_proj_m4096/kernel.hip,1561.9083404541016,1577.305908203125,20.20361322279994,1920.361322279994,True,True,74.24514869949742,2026-08-23 18:45,最终验收通过
minimaxm3-dsh-tp4-m4096-1-0c2f84a9,MiniMax-M3 (gfx928 INT8 W8A8),minimaxM3-dsh_TP4_M4096-1,4,qkv_proj_and_indexer_qk,4096,2560,6144,INT8 W8A8,35918.768,1081.603660583496,worker_1 accepted/minimax_tp4_qkv_proj_and_indexer_qk_m4096/kernel.hip,1089.0154266357422,1102.6435089111328,32.9827908048673,3198.27908048673,True,True,118.31698222866211,2026-08-23 18:45,最终验收通过
minimaxm3-dsh-tp4-m4096-1-0c2f84a9,MiniMax-M3 (gfx928 INT8 W8A8),minimaxM3-dsh_TP4_M4096-1,4,o_proj,4096,6144,2048,INT8 W8A8,29702.473,765.9097671508789,worker_2 accepted/minimax_tp4_o_proj_m4096/kernel.hip,752.4849700927734,753.6545562744141,39.47251331324,3847.251331324,True,True,136.98508169710212,2026-08-23 18:45,最终验收通过
minimaxm3-dsh-tp4-m4096-1-0c2f84a9,MiniMax-M3 (gfx928 INT8 W8A8),minimaxM3-dsh_TP4_M4096-1,4,shared_gate_up_proj,4096,1536,6144,INT8 W8A8,19776.488,986.5248489379883,worker_3 accepted/minimax_tp4_shared_gate_up_proj_m4096/kernel.hip,962.3474502563477,965.7874298095703,20.55025759639306,1955.025759639306,True,True,80.33419874225937,2026-08-23 18:45,最终验收通过
minimaxm3-dsh-tp4-m4096-1-0c2f84a9,MiniMax-M3 (gfx928 INT8 W8A8),minimaxM3-dsh_TP4_M4096-1,4,shared_down_proj,4096,6144,768,INT8 W8A8,11759.473,636.2568092346191,worker_3 accepted/minimax_tp4_shared_down_proj_m4096/kernel.hip,634.1561698913574,634.6337509155273,18.543496946524407,1754.3496946524406,True,True,60.95455267843923,2026-08-23 18:45,最终验收通过
minimaxm3-dsh-tp8-m4096-1-b0482833,MiniMax-M3 (gfx928 INT8 W8A8),minimaxM3-dsh-TP8-M4096-1,8,qkv_proj,4096,1280,6144,INT8 W8A8,41000.618,475.5491065979004,worker_0 accepted/minimax_tp8_qkv_proj_m4096/kernel.hip,474.8045539855957,475.41736602783203,86.35262163311907,8535.262163311907,True,True,135.68637642417067,2026-08-29 03:28,最终验收通过
minimaxm3-dsh-tp8-m4096-1-b0482833,MiniMax-M3 (gfx928 INT8 W8A8),minimaxM3-dsh-TP8-M4096-1,8,qkv_proj_and_indexer_qk,4096,1536,6144,INT8 W8A8,35604.698,531.2225532531738,worker_1 accepted/minimax_tp8_qkv_proj_and_indexer_qk_m4096/kernel.hip,519.466609954834,520.4890060424805,68.54087888939718,6754.087888939718,True,True,148.82460170966874,2026-08-29 03:28,最终验收通过
minimaxm3-dsh-tp8-m4096-1-b0482833,MiniMax-M3 (gfx928 INT8 W8A8),minimaxM3-dsh-TP8-M4096-1,8,o_proj,4096,6144,1024,INT8 W8A8,19897.517,397.44619369506836,worker_2 accepted/minimax_tp8_o_proj_m4096/kernel.hip,394.50483322143555,394.9032211303711,50.43668752426038,4943.668752426038,True,True,130.64379245024566,2026-08-29 03:28,最终验收通过
minimaxm3-dsh-tp8-m4096-1-b0482833,MiniMax-M3 (gfx928 INT8 W8A8),minimaxM3-dsh-TP8-M4096-1,8,shared_gate_up_proj,4096,768,6144,INT8 W8A8,31882.257,319.16600227355957,worker_3 accepted/minimax_tp8_shared_gate_up_proj_m4096/kernel.hip,311.9345474243164,312.3681640625,102.20816278048036,10120.816278048036,True,True,123.91928365478229,2026-08-29 03:28,最终验收通过
minimaxm3-dsh-tp8-m4096-1-b0482833,MiniMax-M3 (gfx928 INT8 W8A8),minimaxM3-dsh-TP8-M4096-1,8,shared_down_proj,4096,6144,384,INT8 W8A8,22389.162,312.4720001220703,worker_3 accepted/minimax_tp8_shared_down_proj_m4096/kernel.hip,311.00934982299805,311.1349678039551,71.98871034823276,7098.871034823276,True,True,62.14396076195009,2026-08-29 03:28,最终验收通过
glm5-2-dsh-tp8-m4096-1-e6a280a2,GLM5.2 (gfx928 INT8 W8A8),glm5.2-dsh-TP8-M4096-1,8,fused_qkv_a_proj,4096,2624,6144,INT8 W8A8,68661.417,937.5793075561523,worker_0 accepted/glm_tp8_fused_qkv_a_proj_m4096/kernel.hip,938.0712509155273,939.3240356445312,73.19424503521313,7219.4245035213125,True,True,140.78913965554716,2026-08-31 11:23,最终验收通过
glm5-2-dsh-tp8-m4096-1-e6a280a2,GLM5.2 (gfx928 INT8 W8A8),glm5.2-dsh-TP8-M4096-1,8,q_b_proj,4096,2048,2048,INT8 W8A8,14385.571,220.13651847839355,worker_1 accepted/glm_tp8_q_b_proj_m4096/kernel.hip,215.435791015625,215.74857711791992,66.77428542482365,6577.428542482365,True,True,159.48946182998893,2026-08-31 11:23,最终验收通过
glm5-2-dsh-tp8-m4096-1-e6a280a2,GLM5.2 (gfx928 INT8 W8A8),glm5.2-dsh-TP8-M4096-1,8,kv_b_proj,4096,3584,512,INT8 W8A8,6939.939,137.40396976470947,worker_1 accepted/glm_tp8_kv_b_proj_m4096/kernel.hip,134.75635528564453,134.93956565856934,51.499901324055074,5049.990132405507,True,True,111.55233090221004,2026-08-31 11:23,最终验收通过
glm5-2-dsh-tp8-m4096-1-e6a280a2,GLM5.2 (gfx928 INT8 W8A8),glm5.2-dsh-TP8-M4096-1,8,o_proj,4096,6144,2048,INT8 W8A8,54775.797,759.9214935302734,worker_2 accepted/glm_tp8_o_proj_m4096/kernel.hip,755.8016204833984,756.3575744628906,72.47377554571302,7147.377554571302,True,True,136.3839562001365,2026-08-31 11:23,最终验收通过
glm5-2-dsh-tp8-m4096-1-e6a280a2,GLM5.2 (gfx928 INT8 W8A8),glm5.2-dsh-TP8-M4096-1,8,shared_gate_up_proj,4096,512,6144,INT8 W8A8,21254.589,273.8345146179199,worker_3 accepted/glm_tp8_shared_gate_up_proj_m4096/kernel.hip,272.7110004425049,272.99739837646484,77.93814318275388,7693.814318275387,True,True,94.49491855548743,2026-08-31 11:23,最终验收通过
glm5-2-dsh-tp8-m4096-1-e6a280a2,GLM5.2 (gfx928 INT8 W8A8),glm5.2-dsh-TP8-M4096-1,8,shared_down_proj,4096,6144,256,INT8 W8A8,17700.262,278.44139099121094,worker_3 accepted/glm_tp8_shared_down_proj_m4096/kernel.hip,273.6263179779053,274.4647216796875,64.6877176537867,6368.77176537867,True,True,47.089410050974806,2026-08-31 11:23,最终验收通过
